RepoURL,SHA,Name
https://github.com/kamranzafar/jtar.git,5a18d206f71ed2a8e26ad5a6528260ed403a51fd,kamranzafar.jtar-1
https://github.com/kamranzafar/jtar.git,5aa50a236db84bcde8b0010f07b351c2df1af0fe,kamranzafar.jtar-2
https://github.com/kamranzafar/jtar.git,ffb189d69a97d6f773481ae5f7f16cf136285693,kamranzafar.jtar-3
https://github.com/kamranzafar/jtar.git,1d751b99b1fe76c851e032226231e0b235f73494,kamranzafar.jtar-4
https://github.com/kamranzafar/jtar.git,e777252273a1618784214c5bfc450235649f0aa6,kamranzafar.jtar-5
https://github.com/kamranzafar/jtar.git,d8c5b6a9d22ce19af3784b8ad45bf231ae3e8c57,kamranzafar.jtar-6
https://github.com/kamranzafar/jtar.git,682eb03b197f99a84db6504e292a33a429a0f6b3,kamranzafar.jtar-7
https://github.com/kamranzafar/jtar.git,13f1c4f0e07ef8c7f4ec8d5e953a5b76b93d00c4,kamranzafar.jtar-8
https://github.com/kamranzafar/jtar.git,d8cf97b759c5127973427972e7eb394ec75de244,kamranzafar.jtar-9
https://github.com/kamranzafar/jtar.git,0705ada9c6bc9e43c42c453368059226c5485509,kamranzafar.jtar-10
https://github.com/kamranzafar/jtar.git,5fc8cdfeae73375bfcb0f2213bbb4082243fd0ce,kamranzafar.jtar-11
https://github.com/kamranzafar/jtar.git,51fe434aeee6619cc287bd897b6dff8f78a6db2a,kamranzafar.jtar-12
https://github.com/kamranzafar/jtar.git,1c05a103e44ed7278a43613eaac691ca295a9c81,kamranzafar.jtar-13
https://github.com/kamranzafar/jtar.git,83b72b426925c15295f4d660934e1a79ff49bff5,kamranzafar.jtar-14
https://github.com/kamranzafar/jtar.git,a3214bd9c4f8b3866ec99df2fe088ebe0cf67517,kamranzafar.jtar-15
https://github.com/kamranzafar/jtar.git,7d9ab32e4ded77bd89e0a3af8a5c7b5ed4530a95,kamranzafar.jtar-16
https://github.com/kamranzafar/jtar.git,e768f32bd1c9087e95004887ef59f34276521ff8,kamranzafar.jtar-17
https://github.com/kamranzafar/jtar.git,46a20204bcb3c16a94371f21f919c2717274cc61,kamranzafar.jtar-18
https://github.com/kamranzafar/jtar.git,52872a151bbf6c9448f5b05b033db56ed9fa1fe6,kamranzafar.jtar-19
https://github.com/kamranzafar/jtar.git,e31e92e637dc1acf22551ac7f0aba901e1d8a0a1,kamranzafar.jtar-20
https://github.com/kamranzafar/jtar.git,3fe6488324a1d31cb36c18ca0d54440a9da8330e,kamranzafar.jtar-21
https://github.com/kamranzafar/jtar.git,70d0b56fce1cd92946a5ac9c3e48d312119b3433,kamranzafar.jtar-22
https://github.com/kamranzafar/jtar.git,a32c553227fce354d09155d1ce7f4243f361a2ed,kamranzafar.jtar-23
https://github.com/kamranzafar/jtar.git,e5a6a2f865c69e9a19e672ce0537a186b0960a25,kamranzafar.jtar-24
https://github.com/kamranzafar/jtar.git,6f7e96c50cc2766dc4cb2a5aafaca0d3aea6018c,kamranzafar.jtar-25
https://github.com/kamranzafar/jtar.git,90f19d205dfb30ee4abcfbe00645eae932a10a94,kamranzafar.jtar-26
https://github.com/kamranzafar/jtar.git,59e3f7a525ada0fc1e62e05de795e57762bcf5fb,kamranzafar.jtar-27
https://github.com/kamranzafar/jtar.git,8f25838636b85d3c504ec732e04258c61682b3cd,kamranzafar.jtar-28
https://github.com/kamranzafar/jtar.git,aace0a3c8a6478fd1bac95865c27535e658afb73,kamranzafar.jtar-29
https://github.com/kamranzafar/jtar.git,c2405bed6fe664137ae27b4da91b4bdcf3624110,kamranzafar.jtar-30
https://github.com/kamranzafar/jtar.git,e0d4214a611b833ef4e7c53adf3c0e7c5b2571ca,kamranzafar.jtar-31
https://github.com/kamranzafar/jtar.git,4b669cffd740b821c666f3e27d54c6a19d50be3f,kamranzafar.jtar-32
